#x, y, xVel, yVel, mass, radius, red, green, blue
385.1912966548868,-218.95577567830128,0.9584565764887788,-0.11537934937441907,617.9979028503323,24.85956360941061,203,60,180
307.56024401111944,-243.27419972040013,8.762545713903519,-26.306335657642173,13.329433641203758,3.6509496903139818,82,11,146
160.88201818725804,-209.73588412142564,-2.3751755573089346,-11.186909933725996,2.7460357335816443,1.657116692807614,94,64,80

